action,confidence,reasoning,buy_amount,sell_amount,date,tic
hold,0.628,"[Technical Analyst]: The stock shows a high RSI(30) at 100.0, indicating that it may be overbought and due for a price correction. The CCI(30) of 66.67 is below 100, showing that the stock isn't in a strong upward trend. The DMI(dx_30) at 100.0 indicates a very strong trend, but it could either escalate further or start a decline. The MACD at 0.0 doesn't provide a strong signal of continuing upwards. Additionally, the current price is exactly at both the 30-day and 60-day Moving Averages, adding further indeterminacy. Therefore, it's recommended to hold and observe the market. (Confidence: 0.75)

[Sentiment Analyst]: The overall sentiment from news is positive despite few negative sentiments. Positive aspects include beating June-quarter targets, positive growth outside of iPhone sales, and a good look at key metrics in Q3 earnings. Given this, it's recommended to buy. (Confidence: 0.8)

[Fundamental Analyst]: The presented data is an 8-K form of Apple Inc. which is a report of various shareholders' updates. It does not provide specific financial data such as earnings, balance sheet status, or cash flows of the company which are significant indicators of a company's financial health and potential for growth. Hence, without these key financial metrics, it is difficult to confidently judge the company's value and make a robust investment decision. (Confidence: 0.6)",0,0,2024-08-01,AAPL
hold,1.0,"[Technical Analyst]: While the MACD shows an increasing trend use for buy signals, the RSI is at its maximum indicating the stock might be overbought. The stock is also trading at its 60-day moving average, which could indicate a resistance level. The combination of these indicators suggest remaining in a 'hold' stance and monitor for any potential sell signals. (Confidence: 0.65)

[Sentiment Analyst]: While the market sentiment is mixed towards Apple, most of the news point towards stable or rising stock price. Negative news such as decrease in iPhone sales might pull the stock down, but on the other positive sentiments like upbeat AI features, Q3 earnings beating estimates and growth of services offsetting slower iPhone sales gives us confidence that the stock will remain stable and may increase in the long term. Hence, hold should be the preferred action. (Confidence: 0.7)

[Fundamental Analyst]: There's insufficient financial data available to make an informed decision. The latest available report for Apple Inc. is a Form 8-K which is for unscheduled material events or corporate changes. It doesn't provide key financial data necessary for a detailed analysis of the company's value and potential for investment. For further action, it's better to wait for more comprehensive financial details like a 10-K or 10-Q report. (Confidence: 0.6)",0,0,2024-08-02,AAPL
sell,0.39,"[Technical Analyst]: The stock price is currently below both the 30-day and 60-day moving averages, suggesting a bearish trend. However, with the RSI being well below 30, which suggests oversold condition, there is a good chance for the price to bounce back. The low CCI and high DMI values also indicate a strong downtrend but the extreme values can often be an onset of trend reversals. Therefore, the current market conditions indicate a potential buying opportunity with a moderate level of confidence. (Confidence: 0.75)

[Sentiment Analyst]: The news sentiment is primarily negative with major concerns being raised about the impact of Google's antitrust loss, a potential market selloff and recession, and reduced stake by key investor Warren Buffet. These factors will likely lead to a decrease in AAPL's stock value in the near term. (Confidence: 0.8)

[Fundamental Analyst]: Insufficient data to make a concrete decision. The last available financial report is from 8-K which usually includes unscheduled material events or corporate changes, but doesn't provide comprehensive financial data necessary for the evaluation. Furthermore, the report isn't providing any explicit financial information. No new data is presented for the dates of 2024-08-02 and 2024-08-05. (Confidence: 0.5)",0,50,2024-08-05,AAPL
