action,confidence,reasoning,date,tic
hold,0.484,"[Technical Analyst]: (action: hold) Based on the historical data and current technical indicators, I recommend holding the stock. The MACD is positive, indicating potential upward momentum, and the RSI is in a neutral range. The CCI and DMI values suggest mixed signals, while the stock price is close to the 30-day moving average. Overall, the indicators do not provide a clear signal to buy or sell, hence holding is advisable with a moderate confidence level. (Confidence: 0.8)

[Sentiment Analyst]: (action: hold) The recent news for AAPL on 2024-08-01 reflects mixed sentiments with positive factors like beating June-Quarter targets and potential growth in non-iPhone Apple sales, but also negative aspects like uncertainties in the market due to Dow Jones futures falling and mixed emotions from Apple's court-related news. This mixed sentiment suggests a hold recommendation to wait for more clarity on the impact of these factors on AAPL's short-term movement. (Confidence: 0.7)

[Macro Analyst]: (action: buy) The company has shown robust performance this quarter with revenue growth surpassing market expectations. Increased expenditure on R&D indicates a focus on innovation which could lead to future growth. The overall stable financial health with healthy cash reserves and good credit ratings provides a favorable outlook for investment. (Confidence: 0.85)

[Risk Analyst]: (action: sell) The VIX indicates low expected market volatility, which may suggest lower returns in the short term. The high Turbulence Index indicates increased market risk and uncertainty. It would be prudent to take a conservative approach and consider selling to mitigate potential losses. (Confidence: 0.75)",2024-08-01,AAPL
hold,0.7,"[Technical Analyst]: (action: hold) The technical indicators suggest a neutral stance at the moment. The closing price is close to the 30-day SMA, indicating a possible consolidation phase. MACD is relatively stable, RSI is in the neutral zone, and CCI is around zero. The DMI shows a mild positive trend. Therefore, it is recommended to hold position with a moderate level of confidence. (Confidence: 0.8)

[Sentiment Analyst]: (action: hold) The recent news surrounding Apple's Q3 earnings beating estimates despite a decline in iPhone sales and the positive outlook from analysts regarding the company's AI features and upgrade cycle suggest potential upside. The mixed sentiment in the tech sector and concerns in the Asian stock markets may introduce some volatility, but Warren Buffett's long-term stock recommendations provide stability. Overall, with the neutral sentiment and mixed market indicators, holding the AAPL stock seems prudent for now. (Confidence: 0.7)

[Macro Analyst]: (action: hold) Due to the lack of specific macroeconomic information on the current date, it is advisable to hold the investment position until more clarity is available. The previous day's macro summary indicated a stable financial health of the company, but with the current data being unavailable, it is prudent to wait for more information before making any buy or sell decisions. (Confidence: 0.6)

[Risk Analyst]: (action: sell) The VIX and market turbulence index have both increased significantly from the previous day, indicating a high level of market risk and uncertainty. It is advisable to take a conservative approach and consider selling to mitigate potential losses. (Confidence: 0.9)",2024-08-02,AAPL
sell,0.761,"[Technical Analyst]: (action: sell) Based on the historical data, the closing price on 2024-08-05 is below both the 30-day and 60-day Simple Moving Averages, indicating a potential downtrend. The MACD is low, and the RSI is below 50, suggesting a bearish momentum. The CCI is significantly negative, showing strong downside pressure. Considering these factors, selling the stock is advisable with a confidence level of 0.8. (Confidence: 0.8)

[Sentiment Analyst]: (action: sell) The negative sentiment surrounding the tech sector, Google's antitrust ruling, significant selloff in Big Tech companies including Apple, Warren Buffett's reduction in stake, and concerns about Apple's future performance and strategic direction suggest a bearish outlook for AAPL in the short term. It is advisable to sell AAPL stocks to mitigate potential losses. (Confidence: 0.85)

[Macro Analyst]: (action: hold) Given the lack of specific macroeconomic information available, it's prudent to maintain the current position and observe for more concrete data to make an informed investment decision. (Confidence: 0.8)

[Risk Analyst]: (action: sell) The VIX and Turbulence Index have both increased significantly since the last recorded data on 2024-08-02. The high values of both indicators suggest a higher level of market risk and uncertainty. It would be prudent to take a conservative approach and consider selling or holding current positions to mitigate potential losses. (Confidence: 0.9)",2024-08-05,AAPL
