final_action,final_confidence,explanations,date,tic,reward
sell,0.9,"[TechnicalAnalystAgent] hold (0.6): The technical indicators for AAPL on 2024-08-01 suggest a neutral stance. The MACD is positive, indicating a potential buying signal, but the RSI is in the neutral zone. The CCI and DMI are not giving clear signals. The current closing price is close to the 30-day simple moving average, indicating a possible consolidation phase. Considering the mixed signals and lack of historical data, it is recommended to hold for now.
[SentimentAnalystAgent] hold (0.7): The news surrounding Apple on this day presents a mixed sentiment, with positive aspects such as beating June-quarter targets and potential growth in non-iPhone sales, but also negative aspects like the market volatility and court-related news. Given the uncertainty and mixed sentiments, it is advisable to hold off on making any immediate buying or selling decisions for AAPL in the short term.
[MacroAnalystAgent] hold (0.8): Based on the robust performance this quarter, strong revenue growth, and healthy financial condition, it is recommended to hold the investment. The company's stable financial health and focus on innovation indicate a positive outlook for future growth. However, it is important to monitor the high R&D expenditure and global market factors for any potential impact on the company's performance.
[RiskAnalystAgent] sell (0.9): The VIX and Market Turbulence Index are both indicating high levels of market volatility and turbulence. It is advisable to take a conservative approach and consider selling positions due to the increased risk in the market.",2024-08-01,AAPL,-1
sell,0.9,"[TechnicalAnalystAgent] hold (0.8): The technical indicators for AAPL on 2024-08-02 are quite close to the historical data from 2024-08-01. The MACD is slightly lower, indicating a potential weakening in momentum, but the RSI and other indicators are relatively stable. Therefore, it is recommended to hold for now with a high confidence level.
[SentimentAnalystAgent] buy (0.6): Despite a decline in iPhone sales, Apple beating Q3 earnings estimates and the positive outlook for its AI features and upgrade cycle indicate potential upside. Mixed sentiment in the tech sector and Asian stock market slump may introduce short-term volatility, but Warren Buffett's long-haul stocks being highlighted for consideration adds to the positive outlook for Apple. Considering the overall sentiment being neutral, there is a moderate confidence in a buy recommendation for AAPL.
[MacroAnalystAgent] buy (0.8): The company has shown robust performance in the previous quarter with strong revenue growth, high R&D expenditure, and a healthy financial condition. These factors indicate a positive outlook for the company's future performance.
[RiskAnalystAgent] sell (0.9): The VIX and Market Turbulence Index have increased significantly compared to the previous day, indicating higher market volatility and risk. It would be prudent to take a conservative approach and consider selling or holding existing positions to mitigate potential losses.",2024-08-02,AAPL,1
sell,0.834,"[TechnicalAnalystAgent] sell (0.8): Based on the historical data and the current technical indicators, the stock's MACD has decreased significantly from the previous days, RSI is below 50 indicating potential bearish momentum, CCI is significantly negative suggesting oversold conditions, and the current closing price is below the 30-day SMA. Therefore, it is recommended to sell with high confidence.
[SentimentAnalystAgent] sell (0.8): The negative news surrounding the tech sector, Google's antitrust ruling, significant selloff of Big Tech companies including Apple, and Warren Buffett's Berkshire Hathaway cutting its stake in Apple indicate a bearish sentiment and potential short-term downside for Apple's stock. The market depression, drop in NASDAQ 100, and global market concerns over an economic downturn further support a sell recommendation to mitigate potential losses.
[MacroAnalystAgent] buy (0.8): Based on the historical data from 2024-08-01, the company showed robust performance with strong revenue growth, increased R&D expenditure for innovation, and maintained a healthy financial condition. This indicates a positive outlook for the company, suggesting a buy recommendation with a high level of confidence.
[RiskAnalystAgent] sell (0.9): The VIX and Turbulence Index have both increased significantly since the last historical data points, indicating a higher level of market risk. The current VIX value of 38.57 suggests elevated volatility, and the Turbulence Index of 34.44 indicates increased market turbulence. It would be prudent to take a conservative approach and consider selling to mitigate potential risks in the current market environment.",2024-08-05,AAPL,1
